"","Methode","Anorganic.Material","Amphipoda.sp.","Polychaete","Copepoda.sp.","Cladocera.sp.","Unidentified.sp.","Harpacticoida.sp.","Cyclopoida.sp.","Other","Method_total"
"1","Artificial Substrates",0.0154258886653253,0.0207914151576123,0.0449362843729041,0.0704225352112676,0.0221327967806841,0.0529845741113347,0.217974513749162,0.539235412474849,0.0160965794768612,1
"2","Eel Ladder",0.0130861504907306,0.0130861504907306,0.0338058887677208,0.0414394765539804,0.130861504907306,0.0730643402399128,0.00654307524536532,0.657579062159215,0.0305343511450382,1
"3","Lift Nets",0.121951219512195,0,0.0731707317073171,0,0,0.463414634146341,0.146341463414634,0.0975609756097561,0.0975609756097561,1
