"","Locatie","Anorganic.Material","Amphipoda.sp.","Polychaete","Copepoda.sp.","Cladocera.sp.","Unidentified.sp.","Harpacticoida.sp.","Cyclopoida.sp.","Other","Location_total"
"1","Sluice Complex",0.00549450549450549,0.0494505494505494,0.126373626373626,0.010989010989011,0.00549450549450549,0.104395604395604,0.203296703296703,0.461538461538462,0.032967032967033,1
"2","Middle Veurne-Ambacht",0.0232558139534884,0.0490956072351421,0.062015503875969,0.0335917312661499,0.00516795865633075,0.0387596899224806,0.521963824289406,0.248062015503876,0.0180878552971576,1
"3","Pumping Station",0.0143487858719647,0.0033112582781457,0.0187637969094923,0.0993377483443709,0.033112582781457,0.0375275938189845,0.0949227373068433,0.687637969094923,0.011037527593819,1
